{"reward":-141896.01940321943,"eval/cash":-3494.4049652009503,"eval/reward":-115094.40496520097,"steps":27,"eval/profit":-115094.40496520097,"cash":-21896.01940321941,"epsilon":0.09982814973688857,"profit":-141896.01940321943,"_wandb":{"runtime":15},"baseline/heuristic_reward":-273662.2129709438,"_step":208,"_runtime":15.319847,"_timestamp":1.741580276344681e+09,"baseline/random_reward":-236760.09375,"episode":199}