{"_wandb":{"runtime":17},"profit":-134597.88302647165,"eval/reward":-117482.50487090037,"cash":-4597.883026471696,"eval/profit":-117482.50487090037,"baseline/random_reward":-158650.921875,"epsilon":0.09982814973688857,"_timestamp":1.7415811983596501e+09,"reward":-134597.88302647165,"_step":208,"episode":199,"baseline/heuristic_reward":-262990.10877207096,"steps":39,"_runtime":17.350179,"eval/cash":-2682.5048709003468}