{"baseline/random_reward":-170138.640625,"baseline/heuristic_reward":-270607.0897010334,"eval/cash":-5732.691712704089,"epsilon":0.09982814973688857,"eval/reward":-111732.6917127041,"cash":-5211.184695429056,"steps":35,"reward":-119211.18469542908,"_runtime":17.561876,"_timestamp":1.741578100889226e+09,"_step":208,"profit":-119211.18469542908,"_wandb":{"runtime":17},"episode":199,"eval/profit":-111732.6917127041}