{"steps":35,"reward":-114984.60870617599,"_step":208,"_timestamp":1.7415797095206552e+09,"baseline/heuristic_reward":-262785.21337364626,"cash":-984.6087061759899,"_runtime":21.776819,"eval/profit":-118589.48941828303,"baseline/random_reward":-210354.65625,"episode":199,"epsilon":0.09982814973688857,"profit":-114984.60870617599,"_wandb":{"runtime":21},"eval/cash":-2589.489418283035,"eval/reward":-118589.48941828303}