{"_wandb":{"runtime":1},"_runtime":0.970094,"epsilon":1,"reward":-152959.08302293235,"steps":9,"profit":-152959.08302293235,"episode":0,"cash":-18959.08302293237,"_timestamp":1.741577993714565e+09,"_step":0}