{"steps":29,"episode":199,"eval/profit":-107213.9155490809,"_step":208,"baseline/heuristic_reward":-261644.85191439866,"_timestamp":1.741575256635265e+09,"profit":-103307.20394386088,"baseline/random_reward":-141704.21875,"eval/cash":-3213.915549080918,"eval/reward":-107213.9155490809,"epsilon":0.00998645168764533,"_wandb":{"runtime":4},"reward":-103307.20394386088,"_runtime":4.157494,"cash":-3307.203943860877}