{"_step":208,"eval/cash":-5556.319740693072,"reward":-135215.88054616514,"eval/reward":-130356.31974069306,"_runtime":17.275482,"eval/profit":-130356.31974069306,"epsilon":0.09982814973688857,"profit":-135215.88054616514,"baseline/heuristic_reward":-270223.0851981748,"_timestamp":1.741580021780236e+09,"episode":199,"baseline/random_reward":-180778.09375,"steps":25,"cash":-3215.88054616511,"_wandb":{"runtime":17}}