{"profit":-109474.68095641039,"_step":208,"baseline/heuristic_reward":-267057.5005397893,"baseline/random_reward":-267250.5625,"eval/cash":-2039.094616468955,"_runtime":16.693307,"eval/reward":-111639.09461646895,"eval/profit":-111639.09461646895,"_timestamp":1.7415792291248589e+09,"epsilon":0.09982814973688857,"steps":45,"episode":199,"cash":-1474.6809564103605,"_wandb":{"runtime":16},"reward":-109474.68095641039}