{"baseline/random_reward":-198122.0625,"_step":21,"episode":19,"eval/profit":-106721.486620876,"_wandb":{"runtime":1},"_timestamp":1.741574554356142e+09,"steps":24,"cash":-3814.207592267121,"eval/reward":-106721.486620876,"epsilon":0.00998645168764533,"profit":-103814.2075922671,"reward":-103814.2075922671,"eval/cash":-2721.4866208760127,"baseline/heuristic_reward":-266973.63546683156,"_runtime":1.035446}