{"steps":27,"_wandb":{"runtime":0},"reward":-101598.0714371058,"_timestamp":1.7415746306057332e+09,"epsilon":0.00998645168764533,"cash":-1598.0714371057838,"profit":-101598.0714371058,"eval/cash":-3108.738360058918,"baseline/heuristic_reward":-270814.81786739285,"_step":1,"eval/profit":-108108.73836005891,"episode":0,"eval/reward":-108108.73836005891,"_runtime":0.431716,"baseline/random_reward":-164708.796875}