{"profit":-116740.94822180783,"episode":19,"baseline/random_reward":-193351.21875,"eval/cash":-18996.567403518482,"eval/profit":-122996.56740351848,"baseline/heuristic_reward":-272854.5924661258,"_timestamp":1.74157471825503e+09,"cash":-1740.9482218078301,"eval/reward":-122996.56740351848,"_step":21,"reward":-116740.94822180783,"_runtime":1.195734,"steps":18,"epsilon":0.3237376186352221,"_wandb":{"runtime":1}}