{"state": [[133600.0, 0.0, 990.0, 49.494178771972656, 99.67487335205078, 0.010291525162756443], [145118.484375, 0.0, 1108.0, 50.125465393066406, 100.32659912109375, 0.0030251729767769575], [154980.875, 0.0, 1273.0, 49.88526916503906, 99.07093811035156, 0.010416178964078426], [162976.9375, 0.0, 1412.0, 49.839935302734375, 101.39497375488281, 0.005241295788437128], [171099.578125, 0.0, 1512.0, 50.21512985229492, 98.8701171875, 0.013705537654459476], [176925.328125, 0.0, 1603.0, 50.712467193603516, 97.47036743164062, 0.013100627809762955], [180707.515625, 0.0, 1716.0, 49.53227615356445, 100.0098876953125, 0.007539770100265741], [185036.078125, 0.0, 1841.0, 50.397003173828125, 99.65552520751953, 0.00890249665826559], [185293.9375, 0.0, 2188.0, 50.58639144897461, 99.41790771484375, 0.014857073314487934], [185224.25, 0.0, 2200.0, 49.61100769042969, 100.21039581298828, 0.012142565101385117], [184938.6875, 0.0, 2308.0, 49.93779754638672, 100.79782104492188, 0.01113892998546362], [182678.75, 0.0, 2517.0, 49.699745178222656, 101.60138702392578, 0.014121306128799915], [181069.546875, 0.0, 2502.0, 49.97288131713867, 103.24885559082031, 0.008409261703491211], [177486.3125, 0.0, 2764.0, 49.726924896240234, 101.14506530761719, 0.006534226704388857], [170316.75, 0.0, 3035.0, 50.1687126159668, 102.68584442138672, 0.024876846000552177], [161528.171875, 0.0, 3248.0, 49.87905502319336, 98.77718353271484, 0.015795845538377762], [148037.796875, 0.0, 3547.0, 50.173336029052734, 102.5439453125, 0.008672810159623623], [135809.515625, 0.0, 3585.0, 49.50895309448242, 102.39060974121094, 0.006487398408353329], [122560.578125, 0.0, 3713.0, 49.81032180786133, 100.9749984741211, 0.010470770299434662], [104938.5390625, 0.0, 4068.0, 49.9105110168457, 96.88829803466797, 0.006488570012152195], [82145.2265625, 0.0, 4386.0, 50.100162506103516, 98.83358001708984, 0.015217522159218788], [56941.09375, 0.0, 4710.0, 49.98137664794922, 98.69366455078125, 0.0087918471544981], [29729.892578125, 0.0, 4910.0, 49.30506134033203, 98.65177917480469, 0.0158718042075634], [8466.958984375, 0.0, 4347.0, 49.934871673583984, 101.82449340820312, 0.009312523528933525], [-12273.8427734375, 0.0, 4414.0, 49.532676696777344, 100.535888671875, 0.0006262311362661421]], "action": [[95.0, 500.0, 5000.0], [94.69113159179688, 500.0, 6680.0], [95.31026458740234, 500.0, 7255.92431640625], [94.11739349365234, 500.0, 7749.0439453125], [96.32522583007812, 500.0, 8148.84716796875], [93.9266128540039, 500.0, 8554.9794921875], [92.59684753417969, 500.0, 8846.2666015625], [95.00939178466797, 500.0, 9035.3759765625], [94.67274475097656, 500.0, 9251.8037109375], [94.44701385498047, 500.0, 9264.697265625], [95.19987487792969, 500.0, 9261.212890625], [95.75792694091797, 500.0, 9246.9345703125], [96.52131652832031, 500.0, 9133.9375], [98.08641052246094, 500.0, 9053.4775390625], [96.08781433105469, 500.0, 8874.3154296875], [97.55155181884766, 500.0, 8515.837890625], [93.83832550048828, 500.0, 8076.40869140625], [97.416748046875, 500.0, 7401.89013671875], [97.27108001708984, 500.0, 6790.47607421875], [95.9262466430664, 500.0, 6128.02880859375], [92.04388427734375, 500.0, 5246.92724609375], [93.89189910888672, 500.0, 4107.26123046875], [93.75897979736328, 500.0, 2847.0546875], [93.71919250488281, 500.0, 1486.49462890625], [96.73326873779297, 500.0, 423.34796142578125]], "reward": [28600.0, 4838.476569229584, 2606.475147970279, 247.01809183446312, -26.20282614734606, -2729.237277388722, -5064.077363868084, -4706.818582815602, -8993.932160578795, -9334.385776610521, -9546.778586660934, -11506.869154463631, -10743.151538856062, -12636.712053259213, -16043.870842263826, -17304.41874494951, -21566.77341824854, -19630.183409112626, -20039.41196294507, -23750.067030192684, -28040.240638270567, -29311.392984208866, -30058.253699227247, -22749.42860363563, -21164.15016664308], "metrics": [{"step": 1, "cash": 133600.0, "inventory": 0.0, "demand": 990, "cost": 49.4941784533377, "competitor_price": 99.67487116351421, "market_growth": 0.01029152550823157, "profit": 28600.0, "revenue": 66500.0, "production_cost": 25000.0, "fixed_costs": 5000, "holding_cost": 0.0, "stockout_penalty": 2900.0, "marketing_budget": 5000.0, "actual_demand": 990, "sales": 700.0, "unfulfilled_demand": 290.0, "bankrupt": 