{"reward":-117068.86881848756,"eval/cash":-1589.653672631106,"profit":-117068.86881848756,"episode":199,"eval/profit":-131989.6536726311,"_runtime":25.084226,"_step":208,"_wandb":{"runtime":25},"baseline/heuristic_reward":-260904.42797258883,"eval/reward":-131989.6536726311,"steps":26,"epsilon":0.09982814973688857,"baseline/random_reward":-165376.1875,"cash":-5068.86881848755,"_timestamp":1.741581148146003e+09}