{"cash":-4780.121569144583,"epsilon":0.00998645168764533,"_timestamp":1.741574623942663e+09,"reward":-104780.1215691446,"profit":-104780.1215691446,"eval/profit":-118717.93026130316,"eval/reward":-118717.93026130316,"steps":28,"_wandb":{"runtime":1},"episode":0,"eval/cash":-6717.93026130315,"baseline/heuristic_reward":-267522.0494649835,"_runtime":0.5323,"_step":1,"baseline/random_reward":-284874.46875}