{"eval/cash":-5031.808268666019,"eval/reward":-141431.80826866606,"steps":24,"_step":68,"reward":-139209.55496467976,"_runtime":5.032414,"episode":65,"cash":-13209.554964679766,"baseline/random_reward":-189816.421875,"_timestamp":1.7415802257184799e+09,"profit":-139209.55496467976,"eval/profit":-141431.80826866606,"_wandb":{"runtime":5},"baseline/heuristic_reward":-267838.34783642006,"epsilon":0.11484580378491663}