{"baseline/heuristic_reward":-268998.09196507547,"epsilon":0.09982814973688857,"eval/cash":-1486.4654140837897,"eval/profit":-119886.4654140838,"_wandb":{"runtime":19},"profit":-113918.70677743772,"_runtime":19.218086,"steps":28,"eval/reward":-119886.4654140838,"_step":208,"reward":-113918.70677743772,"episode":199,"baseline/random_reward":-191560.703125,"_timestamp":1.741579345704133e+09,"cash":-1918.706777437721}